metric,value
f_stat,3.9693206525441243
lower_p_value,0.0029924364031014283
upper_p_value,0.03697370119012733
