percentile,lower,upper
90.0,2.2702787,3.3535243
95.0,2.6369717,3.7914038
99.0,3.4203738,4.7060983
99.9,4.4521021,5.8841151
