variable,coefficient,std_error,t_value,p_value,ci_lower,ci_upper
crd_daly_rate.L1,-0.29517882440713417,0.08967666477906525,-3.291590126978527,0.0034774290031200673,-0.48167165803068135,-0.10868599078358701
